Date_InitialTag,Transect,TransectNum,NewTagNum,Species,Size_Class,MaxDiameter,Height,immune_y/n,Date_DocumentedDisease,Date_DocumentedMortality,062019_TL-052022_TL,052022_TL-122022_TL,122022_TL-092023_TL,092023_TL-012024_TL,012024_TL-042024_TL,042024_TL-062025_TL
43637,CBC30N,1,1,SSID,5,45,24,n,5/21/2022,Diseased,-54.54545455,-33.33333333,-80,0,0,0
43753,CBC30N,1,4,PSTR,3,44,39,n,5/21/2022,12/2/2022,-64.1025641,-100,,,,
43640,CBC30N,1,5,SSID,5,65,27,n,5/21/2022,Diseased,-64.1025641,-21.42857143,-27.27272727,-12.5,-14.28571429,0
43753,CBC30N,1,6,PSTR,NA,35,38,n,12/2/2022,9/25/2023,0,-37.5,-100,,,
43640,CBC30N,1,7,MCAV,3,32,20,n,Healthy,12/1/2024,-13.51351351,-21.875,-16,-66.66666667,0,n/a
43640,CBC30N,1,8,MCAV,3,35,30,n,5/21/2022,9/25/2023,-63.15789474,-57.14285714,-100,,,
43637,CBC30N,1,9,SSID,5,38,18,n,5/21/2022,Diseased,-92.30769231,-33.33333333,0,n/a,n/a,0
43640,CBC30N,1,10,SSID,4,62,35,n,12/2/2022,9/25/2023,-97.43589744,0,-100,,,
43640,CBC30N,1,11,SSID,3,39,31,n,5/21/2022,Diseased,-92.30769231,0,-33.33333333,0,0,0
43640,CBC30N,1,14,MCAV,3,25,24,n,5/21/2022,12/2/2022,-26.31578947,-100,,,,
43642,CBC30N,1,15,MCAV,5,33,24,n,5/21/2022,12/2/2022,-76.92307692,-100,,,,
43640,CBC30N,1,16,SSID,5,115,55,n,5/21/2022,Diseased,-13.15789474,0,-9.090909091,-13.33333333,-15.38461538,-63.63636364
43640,CBC30N,1,17,SSID,4,57,22,n,5/21/2022,Diseased,-7.692307692,-8.333333333,-15.15151515,-25,-4.761904762,-85
43637,CBC30N,1,19,PAST,4,26,6,n,5/21/2022,4/1/2024,-35,19.23076923,-6.451612903,-93.10344828,-100,
43640,CBC30N,1,20,PAST,3,48,5,n,12/2/2022,4/26/2024,0,-48.71794872,-10,-66.66666667,-100,
44702,CBC30N,1,22,OANN,NA,38,20,n,12/2/2022,Diseased,n/a,-5,-26.31578947,-14.28571429,-8.333333333,-4.545454545
44702,CBC30N,1,23,OANN,NA,40,42,n,Healthy,Healthy,n/a,0,-24.24242424,0,0,0
44706,CBC30N,1,27,DLAB,NA,35,27,n,12/2/2022,Diseased,n/a,-5.128205128,0,0,-2.702702703,0
44706,CBC30N,1,35,DLAB,NA,30,17,n,Healthy,Healthy,n/a,0,0,-5.263157895,0,-27.77777778
43637,CBC30N,1,329,MCAV,4,29,19,n,Unknown,5/21/2022,-100,,,,,
43637,CBC30N,1,333,MCAV,3,20,19,n,Unknown,5/21/2022,-100,,,,,
43637,CBC30N,1,335,MMEA,3,14,6,n,Unknown,5/21/2022,-100,,,,,
43637,CBC30N,1,342,MCAV,3,28,25,n,Unknown,5/21/2022,-100,,,,,
43637,CBC30N,1,355,MCAV,4,35,12,n,Unknown,5/21/2022,-100,,,,,
43640,CBC30N,1,382,MMEA,2,19,18,n,Unknown,5/21/2022,-100,,,,,
43753,CBC30N,1,404,PSTR,NA,35,33,n,Unknown,5/21/2022,-100,,,,,
43753,CBC30N,1,417,PSTR,NA,28,24,n,Unknown,5/21/2022,-100,,,,,
43753,CBC30N,1,419,PSTR,NA,56,44,n,Unknown,5/21/2022,-100,,,,,
43753,CBC30N,1,422,PSTR,NA,48,30,n,Unknown,5/21/2022,-100,,,,,
44900,SR30N,2,28,PSTR,NA,37,25,n,12/4/2022,9/26/2023,n/a,n/a,-100,,,
44900,SR30N,2,29,OFAV,NA,40,40,n,Healthy,Healthy,n/a,n/a,n/a,0,0,-2.564102564
44900,SR30N,2,30,OANN,NA,65,50,n,12/4/2022,Diseased,n/a,n/a,-21.05263158,0,-20,-4.166666667
44900,SR30N,2,31,DLAB,NA,39,18,n,Healthy,Healthy,n/a,n/a,0,0,0,0
44900,SR30N,2,32,PSTR,NA,20,18,n,Healthy,Healthy,n/a,n/a,0,n/a,n/a,0
43641,SR30N,2,47,PAST,4,NA,NA,n,Healthy,Healthy,exclude,exclude,exclude,exclude,exclude,exclude
43641,SR30N,2,51,SSID,4,37,25,n,5/22/2022,12/1/2022,exclude,exclude,exclude,exclude,exclude,exclude
43641,SR30N,2,52,SSID,5,45,25,n,5/22/2022,Diseased,-31.57894737,-7.692307692,-41.66666667,0,0,-85.71428571
43638,SR30N,2,53,MCAV,4,27,31,n,Healthy,Healthy,0,0,0,n/a,n/a,0
43751,SR30N,2,54,PSTR,4,35,17,n,Healthy,Healthy,0,0,0,-26.31578947,-3.571428571,0
43641,SR30N,2,56,PAST,4,31,18,n,5/22/2022,4/26/2024,-31.57894737,-7.692307692,-29.16666667,-88.23529412,-100,
43641,SR30N,2,56,MCAV,3,NA,NA,n,Unknown,5/22/2022,-100,,,,,
43751,SR30N,2,58,PSTR,4,33,21,n,NA,12/2/2022,0,-100,,,,
43637,SR30N,2,59,MCAV,5,45,40,n,5/22/2022,Diseased,-36.84210526,-8.333333333,0,0,0,0
43638,SR30N,2,61,MCAV,4,27,20,n,NA,12/4/2022,-94.59459459,-100,,,,
43751,SR30N,2,62,PSTR,5,65,70,n,NA,12/4/2022,-67.5,-100,,,,
43637,SR30N,2,64,CNAT,6,105,40,n,Healthy,1/11/2024,-5,0,0,-100,,
43751,SR30N,2,65,PSTR,4,55,39,n,Healthy,9/26/2023,-2.5,0,-100,,,
43641,SR30N,2,66,SSID,4,37,22,n,5/22/2022,Diseased,-30.76923077,n/a,n/a,0,n/a,n/a
43637,SR30N,2,67,SSID,4,40,23,n,5/22/2022,6/21/2024,-38.46153846,-75,-66.66666667,n/a,n/a,n/a
43751,SR30N,2,70,PSTR,3,32,25,n,5/22/2022,12/4/2022,-71.79487179,-100,,,,
43638,SR30N,2,71,SSID,4,55,30,n,5/22/2022,Diseased,-53.84615385,-55.55555556,-50,n/a,n/a,0
43638,SR30N,2,74,SSID,5,54,23,n,Healthy,Healthy,0,-5.263157895,-36.11111111,n/a,n/a,-41.66666667
43637,SR30N,2,75,SSID,5,85,65,n,5/22/2022,Diseased,-44.73684211,-80.95238095,-50,n/a,n/a,-100
44705,SR30N,2,77,OANN,NA,NA,NA,n,Healthy,Healthy,n/a,0,0,n/a,n/a,-23.68421053
44705,SR30N,2,78,DLAB,NA,NA,NA,n,Healthy,Healthy,n/a,-2.5,0,0,-2.564102564,0
44705,SR30N,2,80,OFAV,NA,NA,NA,n,12/4/2022,Diseased,n/a,-10,-36.11111111,-17.39130435,-10.52631579,-5.882352941
43638,SR30N,2,311,MMEA,3,NA,NA,n,Unknown,5/20/2022,-100,,,,,
43638,SR30N,2,320,MMEA,3,18,6,n,Unknown,5/22/2022,-100,,,,,
43638,SR30N,2,325,MMEA,4,NA,NA,n,Unknown,5/20/2022,-100,,,,,
43638,SR30N,2,328,MMEA,3,18,16,n,Unknown,5/22/2022,-100,,,,,
43637,SR30N,2,330,MMEA,4,28,21,n,Unknown,5/22/2022,-100,,,,,
43637,SR30N,2,341,SSID,5,NA,NA,n,Healthy,5/20/2022,-100,,,,,
43637,SR30N,2,344,MMEA,4,NA,NA,n,Unknown,5/22/2022,-100,,,,,
43641,SR30N,2,347,PAST,4,NA,NA,n,NA,5/20/2022,-100,,,,,
43751,SR30N,2,403,PSTR,5,55,34,n,Unknown,5/22/2022,-100,,,,,
43751,SR30N,2,427,PSTR,4,24,15,n,Unknown,5/22/2022,-100,,,,,
6/23/2019,LAGOON,3,1,MMEA,4,24,10,n,Unknown,5/20/2022,-100,,,,,
6/23/2019,LAGOON,3,3,SSID,5,52,21,n,5/20/2022,Diseased,-5.263157895,-5.555555556,-5.882352941,-6.25,0,-6.666666667
10/14/2019,LAGOON,3,4,PSTR,4,25,25,n,Healthy,Healthy,-5,-5.263157895,-5.555555556,-41.17647059,0,-10
6/23/2019,LAGOON,3,7,PAST,NA,29,10,n,Healthy,4/26/2024,n/a,0,-25,-13.33333333,-15.38461538,n/a
6/23/2019,LAGOON,3,8,PAST,3,30,15,n,Healthy,4/26/2024,n/a,-7.692307692,-27.77777778,-88.46153846,-33.33333333,n/a
6/23/2019,LAGOON,3,9,MCAV,5,53,39,n,NA,5/20/2022,-100,,,,,
10/14/2019,LAGOON,3,11,PSTR,4,42,48,n,Unknown,5/20/2022,-100,,,,,
6/23/2019,LAGOON,3,12,MCAV,4,27,15,n,Unknown,5/20/2022,-100,,,,,
6/23/2019,LAGOON,3,13,PAST,4,22,8,n,Healthy,Healthy,-10,0,n/a,n/a,0,0
6/23/2019,LAGOON,3,15,MCAV,4,29,24,n,5/20/2022,5/24/2023,-57.89473684,-62.5,-100,,,
10/14/2019,LAGOON,3,16,PSTR,3,24,25,n,Unknown,5/20/2022,-100,,,,,
6/23/2019,LAGOON,3,17,MCAV,4,29,14,n,5/20/2022,12/3/2022,-58.33333333,-100,,,,
6/23/2019,LAGOON,3,18,PAST,3,18,13,n,5/20/2022,Diseased,-43.58974359,-9.090909091,-5,-5.263157895,0,-11.11111111
6/23/2019,LAGOON,3,19,SSID,4,32,27,n,5/20/2022,Diseased,-52.63157895,-22.22222222,-14.28571429,-25,-55.55555556,-25
6/23/2019,LAGOON,3,22,MCAV,4,29,27,n,5/20/2022,12/3/2022,-36.11111111,-100,,,,
6/23/2019,LAGOON,3,23,SSID,5,20,12,n,5/20/2022,Diseased,-94.73684211,0,0,0,0,-50
6/23/2019,LAGOON,3,24,PAST,3,20,12,n,Unknown,5/20/2022,-17.5,12.12121212,n/a,n/a,n/a,n/a
6/23/2019,LAGOON,3,24,SSID,3,NA,NA,n,NA,NA,exclude,exclude,exclude,exclude,exclude,exclude
6/23/2019,LAGOON,3,26,SSID,4,34,18,n,,5/20/2022,-84.21052632,-33.33333333,n/a,n/a,n/a,n/a
6/23/2019,LAGOON,3,27,MMEA,4,30,28,n,Unknown,5/20/2022,-100,,,,,
6/23/2019,LAGOON,3,28,SSID,4,22,24,n,5/20/2022,Diseased,-10,-5.555555556,-29.41176471,0,-16.66666667,-60
6/23/2019,LAGOON,3,29,MMEA,4,32,38,n,Unknown,5/20/2022,-100,,,,,
10/14/2019,LAGOON,3,30,PSTR,4,44,35,n,Unknown,5/20/2022,-100,,,,,
10/14/2019,LAGOON,3,31,PSTR,4,30,15,n,Healthy,12/3/2022,-10.25641026,-100,,,,
10/14/2019,LAGOON,3,32,PSTR,4,30,22,n,Unknown,5/20/2022,-100,,,,,
6/23/2019,LAGOON,3,35,MMEA,2,NA,NA,n,Unknown,5/20/2022,exclude,exclude,exclude,exclude,exclude,exclude
6/23/2019,LAGOON,3,36,SSID,3,35,24,n,5/20/2022,Diseased,n/a,0,0,0,-2.631578947,-2.702702703
6/23/2019,LAGOON,3,65,SSID,3,43,24,n,5/20/2022,Diseased,n/a,-25,-33.33333333,0,0,0
12/3/2022,LAGOON,3,67,MCAV,NA,19,37,n,12/3/2022,9/25/2023,n/a,n/a,-100,,,
12/3/2022,LAGOON,3,68,OANN,NA,32,18,n,Healthy,Healthy,n/a,n/a,0,0,-5.263157895,-22.22222222
12/3/2022,LAGOON,3,69,DLAB,NA,20,22,n,Healthy,Healthy,n/a,n/a,0,0,0,-5.263157895
12/3/2022,LAGOON,3,71,MCAV,NA,25,44,n,Healthy,Healthy,n/a,n/a,0,0,0,0
12/3/2022,LAGOON,3,72,OANN,NA,33,19,n,Healthy,Healthy,n/a,n/a,-7.692307692,-22.22222222,-39.28571429,-70.58823529
12/3/2022,LAGOON,3,73,DLAB,NA,35,35,n,Healthy,Healthy,n/a,n/a,0,0,0,0
12/3/2022,LAGOON,3,74,PSTR,NA,22,25,n,5/24/2023,9/25/2023,n/a,n/a,-100,,,
12/3/2022,LAGOON,3,75,PSTR,NA,23,19,n,Healthy,Healthy,n/a,n/a,0,-21.05263158,-26.66666667,-22.72727273
6/23/2019,LAGOON,3,378,MMEA,4,NA,NA,n,Unknown,5/20/2022,exclude,exclude,exclude,exclude,exclude,exclude
6/23/2019,LAGOON,3,12flag,PAST,3,NA,NA,n,NA,5/20/2022,exclude,exclude,exclude,exclude,exclude,exclude
12/5/2022,CURLEW,4,43,DLAB,NA,39,25,n,Healthy,Healthy,n/a,n/a,0,-2.5,-2.564102564,-2.631578947
12/5/2022,CURLEW,4,77,OFAV,NA,80,70,n,Healthy,Healthy,n/a,n/a,-8.333333333,0,-6.060606061,-3.225806452
12/5/2022,CURLEW,4,80,PSTR,NA,26,18,n,Healthy,9/26/2023,n/a,n/a,-100,,,
12/5/2022,CURLEW,4,92,OFAV,NA,75,70,n,Healthy,Healthy,n/a,n/a,-15.78947368,-6.25,0,-6.666666667
12/5/2022,CURLEW,4,93,DLAB,NA,65,37,n,Healthy,Healthy,n/a,n/a,-15.38461538,0,0,-3.03030303
12/5/2022,CURLEW,4,94,MCAV,NA,35,33,n,12/5/2022,9/26/2023,n/a,n/a,-100,,,
12/5/2022,CURLEW,4,95,MCAV,NA,18,10,n,12/5/2022,9/26/2023,n/a,n/a,-100,,,
12/5/2022,CURLEW,4,96,PSTR,NA,40,30,n,12/5/2022,Could not find 9/26/23,exclude,exclude,exclude,exclude,exclude,exclude
12/5/2022,CURLEW,4,97,PSTR,NA,33,22,n,12/5/2022,9/26/2023,n/a,n/a,-100,,,
12/5/2022,CURLEW,4,99,OANN,NA,75,45,n,12/5/2022,Diseased,n/a,n/a,-87.5,-33.33333333,0,0
12/5/2022,CURLEW,4,100,OFAV,NA,70,85,n,12/5/2022,Diseased,n/a,n/a,n/a,0,0,-20
43637,CBC30N,1,2,PAST,4,33,8,y,Healthy,Healthy,-2.564102564,2.631578947,0,-46.15384615,n/a,n/a
43637,CBC30N,1,3,SSID,5,53,30,y,5/21/2022,Diseased,0,-2.631578947,-21.62162162,-6.896551724,-7.407407407,-16
43753,CBC30N,1,12,PSTR,NA,43,33,y,Healthy,Healthy,-2.702702703,0,0,-2.777777778,0,0
43640,CBC30N,1,13,PAST,4,45,18,y,Healthy,12/16/2023,-2.564102564,-2.631578947,0,n/a,n/a,0
43640,CBC30N,1,21,PAST,3,25,4,y,Healthy,8/1/2024,-50,0,-15.78947368,-87.5,0,n/a
43640,CBC30N,1,24,MCAV,4,19,30,y,Healthy,Healthy,0,0,0,n/a,n/a,0
44706,CBC30N,1,25,ORBI,NA,30,20,y,Healthy,Healthy,n/a,0,-2.564102564,-2.631578947,-2.702702703,-25
43641,SR30N,2,55,MCAV,3,22,23,y,Healthy,Healthy,-10,0,0,0,-2.777777778,-8.571428571
43641,SR30N,2,57,PAST,3,24,15,y,Healthy,Healthy,0,0,0,-7.894736842,0,-2.857142857
43638,SR30N,2,60,MCAV,4,28,20,y,Healthy,Healthy,0,-5,0,0,0,2.631578947
43641,SR30N,2,63,PAST,3,17,15,y,Healthy,Healthy,-2.564102564,-2.631578947,-5.405405405,-2.857142857,0,0
43637,SR30N,2,68,PAST,4,35,16,y,Healthy,Healthy,2.702702703,0,-2.631578947,-2.702702703,-2.777777778,-2.857142857
43641,SR30N,2,69,MCAV,3,27,30,y,Healthy,Healthy,-22.22222222,0,-7.142857143,-7.692307692,0,-41.66666667
43641,SR30N,2,72,SSID,4,32,20,y,2/22/2024,Healthy,-5,0,0,0,-10.52631579,5.882352941
43641,SR30N,2,73,SSID,4,35,21,y,Healthy,Healthy,0,0,0,-5,0,0
44705,SR30N,2,76,OFAV,NA,NA,NA,y,Healthy,Healthy,n/a,n/a,0,0,0,0
44705,SR30N,2,79,OFAV,NA,NA,NA,y,Healthy,Healthy,n/a,n/a,0,0,0,0
45464,SR30N,2,99,SSID,,,,y,Healthy,Healthy,n/a,n/a,n/a,-2.857142857,-8.823529412,0
43639,LAGOON,3,2,MCAV,4,33,19,y,2/24/2024,Diseased,0,0,2.631578947,-28.20512821,-71.42857143,0
43639,LAGOON,3,5,SSID,4,42,20,y,Healthy,Healthy,n/a,0,0,0,0,0
43639,LAGOON,3,6,PAST,4,24,20,y,Healthy,1/1/2024,-2.564102564,-60.52631579,20,-100,,
43639,LAGOON,3,10,PAST,4,30,10,y,Healthy,Healthy,0,0,-2.777777778,-85.71428571,n/a,n/a
43639,LAGOON,3,14,MCAV,4,27,34,y,Healthy,Healthy,0,0,0,-5.555555556,0,-2.941176471
43752,LAGOON,3,20,PSTR,4,33,20,y,Healthy,Healthy,-2.631578947,-2.702702703,-2.777777778,0,0,0
43639,LAGOON,3,21,MCAV,5,45,18,y,Healthy,Healthy,-3.125,0,0,-3.225806452,0,0
43639,LAGOON,3,33,SSID,3,30,15,y,12/3/2022,Diseased,n/a,0,0,-2.564102564,0,0
43639,LAGOON,3,34,PAST,3,43,24,y,Healthy,Healthy,n/a,-2.631578947,0,0,-2.702702703,n/a
44701,LAGOON,3,38,OFAV,NA,NA,NA,y,Healthy,Healthy,n/a,0,0,0,0,-5.263157895
44701,LAGOON,3,39,OFAV,NA,NA,NA,y,Healthy,Healthy,n/a,0,0,0,0,-15.78947368
44898,LAGOON,3,66,OFAV,NA,25,NA,y,,,n/a,n/a,0,0,0,n/a
44898,LAGOON,3,70,PSTR,NA,21,13,y,Healthy,Healthy,n/a,n/a,0,-2.702702703,-2.777777778,-54.28571429
44900,CURLEW,4,28,MCAV,NA,28,18,y,Healthy,Healthy,n/a,n/a,-2.5,-2.564102564,0,0
44900,CURLEW,4,30,MCAV,NA,12,10,y,Healthy,Healthy,n/a,n/a,0,0,-2.564102564,0
44900,CURLEW,4,76,MCAV,NA,30,25,y,Healthy,Healthy,n/a,n/a,0,0,0,0
44900,CURLEW,4,78,OFAV,NA,120,55,y,Healthy,Healthy,n/a,n/a,0,0,0,0
44900,CURLEW,4,79,PSTR,NA,25,17,y,Healthy,Healthy,n/a,n/a,0,0,-2.564102564,-2.631578947
44900,CURLEW,4,98,PSTR,NA,48,45,y,Healthy,Healthy,n/a,n/a,0,-2.702702703,-5.555555556,-14.70588235
